ID,Historias_origen,Actividad,Tipo,Horas_estimadas,Inicio,Fin,Dias_con_trabajo,Dependencias,Responsable,Estado,Criterio_de_salida
"T01","AUD;DEC-04;DEC-05;DEC-06","Cerrar alcance del trimestre y propuesta de flujo individual/raíz Git","Correccion","6","2026-09-28","2026-09-29","2","","Cristhian Rodriguez Ruiz","Propuesto","Decisiones documentadas por Cristhian; nuevo ADR del flujo individual propuesto/aceptado según decisión; alcance medible"
"T02","E0-09","Redactar y decidir ADR-009/010/011: despliegue, mapas, observabilidad y correo","Historia","8","2026-09-30","2026-10-02","3","T01","Cristhian Rodriguez Ruiz","Propuesto","Tres ADRs con costo/datos/límites; presupuesto y cuentas aprobados por Cristhian; si faltan, historia sigue pendiente"
"T03","E0-03","Preparar herramientas y esqueleto Laravel; registrar módulos y calidad","Historia","12","2026-10-02","2026-10-09","5","T02","Cristhian Rodriguez Ruiz","Propuesto","Versiones y lockfile fijados; comandos Laravel, pint, phpstan y deptrac ejecutables; generador validado"
"T04","E0-04","Generar workspace Angular con tres apps y cinco librerías","Historia","20","2026-10-09","2026-10-20","8","T03","Cristhian Rodriguez Ruiz","Propuesto","Tres builds; lint y pruebas básicas; strict, SSR tienda y PWA configurados; rutas apps/libs coherentes"
"T05","E0-02","Completar variables de ejemplo y Docker; demostrar arranque local reproducible","Historia","12","2026-10-20","2026-10-26","5","T04","Cristhian Rodriguez Ruiz","Propuesto","Clon limpio instala/levanta stack y migra; salud de API y apps verificada; Mailpit recibe prueba; sin secretos versionados"
"T06","E0-01","Implementar CI y configuración GitHub ajustada al flujo individual aprobado","Historia","8","2026-10-26","2026-10-28","3","T05","Cristhian Rodriguez Ruiz","Propuesto","Workflows en raíz Git; rutas de trabajo correctas; PR con checks verdes y regla de merge acordada; evidencia de configuración remota"
"T07","E0-05;A09","Corregir contrato MFA; generar cliente TypeScript y verificar contrato en CI","Historia","8","2026-10-29","2026-11-02","3","T06","Cristhian Rodriguez Ruiz","Propuesto","Patrones aceptan seis dígitos; cliente reproducible; CI detecta desajustes; alcance de endpoints implementados explícito"
"T08","E0-06","Integrar Shared, migraciones, pruebas y documentación","Historia","20","2026-11-02","2026-11-11","8","T07","Cristhian Rodriguez Ruiz","Propuesto","Outbox/idempotencia/dinero/errores/auditoría/configuración integrados; pruebas MySQL ejecutadas; cierre sujeto a T09–T11"
"T09","A03","Corregir idempotencia concurrente y recuperación de reintentos","Correccion","10","2026-11-11","2026-11-16","4","T08","Cristhian Rodriguez Ruiz","Propuesto","Concurrencia y fallo tras commit no duplican efecto; ruta/actor/expiración/replay probados"
"T10","A05;A06","Corregir outbox, consumidores y precondiciones de pruebas","Correccion","6","2026-11-16","2026-11-18","3","T09","Cristhian Rodriguez Ruiz","Propuesto","Worker continuo y cola eventos; prueba fuera de transacción válida; fallo de consumidor y replay ensayados"
"T11","A08;A10","Corregir errores HTTP, trace ID y configuración/auditoría","Correccion","4","2026-11-18","2026-11-19","2","T10","Cristhian Rodriguez Ruiz","Propuesto","409/429 y Retry-After correctos; trace validado; configuración auditada atómicamente; seed no sobrescribe valores"
"T12","E0-07","Integrar Identidad, login, MFA y pruebas","Historia","12","2026-11-20","2026-11-25","4","T11","Cristhian Rodriguez Ruiz","Propuesto","Login y MFA con MySQL; seeder solo entornos previstos; pruebas positivas/negativas; cierre sujeto a T13"
"T13","A04;A07","Revisar guards, rol vigente, revocación y cambio de MFA","Correccion","6","2026-11-26","2026-11-27","2","T12","Cristhian Rodriguez Ruiz","Propuesto","Sin recursión de guards; inactivo/rol incorrecto denegados; token temporal acotado; cambio MFA protegido"
"T14","E0-10;A11","Construir componentes base del design system y corregir contrastes","Historia","20","2026-11-30","2026-12-10","7","T13","Cristhian Rodriguez Ruiz","Propuesto","Demo de componentes y estados; axe y teclado; pares de color conformes al uso; sin declarar WCAG global por una prueba"
"T15","E0-08","Implementar login del panel y motorizado con MFA e interceptores","Historia","20","2026-12-10","2026-12-21","8","T14","Cristhian Rodriguez Ruiz","Propuesto","Login real, configuración QR, errores, expiración y autorización; prueba del recorrido; sin datos operativos offline todavía"
"T16","ACEPTACION","Demostrar fundaciones; repetir clon limpio, corregir regresiones y planificar siguiente etapa","Reserva_validacion","8","2026-12-21","2026-12-23","3","T15","Cristhian Rodriguez Ruiz","Propuesto","Evidencias de 06/07 revisadas; solo cerrar si todos los criterios pasan; backlog posterior estimado sin declarar lanzamiento"
