"ID","Historias_origen","Actividad","Tipo","Horas_estimadas","Inicio","Fin","Dias_con_trabajo","Dependencias","Responsable","Estado","Criterio_de_salida","Inicio_real","Fin_real","Horas_reales","Ultima_actualizacion","Evidencia","Pendiente","Aceptacion_usuario"
"S01","ADR-013;DEC-04;DEC-16","Definir límites, contratos iniciales, identidad, broker y perfil de aceptación","Fundacion_servicios","12","2026-09-30","2026-10-05","4","","Cristhian Rodriguez Ruiz","En curso","Mapa de propietarios de datos; contrato de autenticación/revocación y eventos; herramientas compatibles; objetivos de carga antes de medir; estimaciones revisadas","2026-09-30","","","2026-09-30","seguimiento/S01-fundaciones-servicios.md;13-seguimiento-scrum.md","Resolver compatibilidad conjunta y versiones; formalizar y validar contratos por servicio (S01.3/S01.6).",""
"S02","E0-02 parcial;E0-09 parcial","Validar Windows/WSL/Docker y preparar infraestructura local por perfiles","Fundacion_servicios","12","2026-10-06","2026-10-12","4","S01","Cristhian Rodriguez Ruiz","Pendiente","Checklist 12 con evidencia; bases y usuarios distintos; broker y collector arrancan; secretos fuera del repositorio; versiones fijadas","","","","2026-09-30","","Ejecutar criterios de salida tras cerrar S01.",""
"S03","E0-01 parcial;E0-03 parcial","Crear dos proyectos Laravel con imágenes y CI independientes","Fundacion_servicios","16","2026-10-13","2026-10-20","6","S02","Cristhian Rodriguez Ruiz","Pendiente","Identidad y Catálogo compilan y prueban por separado; migraciones propias; CI por servicio; reglas Git adaptadas al flujo individual registrado","","","","2026-09-30","","Ejecutar criterios de salida tras cerrar S02.",""
"S04","E0-07 parcial;A04;A07","Integrar Identidad mínimo, MFA y autenticación entre servicios","Fundacion_servicios","28","2026-10-20","2026-11-02","10","S03","Cristhian Rodriguez Ruiz","Pendiente","Login/MFA y permisos comprobados; revocación, inactivo, expiración, audiencia y fallo cerrado según contrato; sin compartir tablas de tokens","","","","2026-09-30","","Ejecutar criterios de salida tras cerrar S03.",""
"S05","E1-01 parcial;E1-02 parcial;E1-04 parcial","Implementar catálogo mínimo con escritura protegida y lectura pública","Fundacion_servicios","20","2026-11-02","2026-11-11","8","S04","Cristhian Rodriguez Ruiz","Pendiente","Crear y consultar producto sintético; autorización y transacción local; persistencia propia; no incluye precios históricos, imágenes, categorías completas ni stock","","","","2026-09-30","","Ejecutar criterios de salida tras cerrar S04.",""
"S06","E0-04 parcial;E0-05 parcial;E0-08 parcial","Integrar entrada HTTP y panel Angular mínimo con clientes de contrato","Fundacion_servicios","16","2026-11-11","2026-11-18","6","S05","Cristhian Rodriguez Ruiz","Pendiente","Login/MFA y operación de catálogo de extremo a extremo; errores y expiración; lecturas públicas sin dependencia de Identidad; no se cierran tres apps ni design system completo","","","","2026-09-30","","Ejecutar criterios de salida tras cerrar S05.",""
"S07","E0-06 parcial;A03;A05;A06","Implementar outbox y consumidor técnico con inbox e idempotencia","Fundacion_servicios","20","2026-11-18","2026-11-27","8","S06","Cristhian Rodriguez Ruiz","Pendiente","Evento de catálogo y efecto local en almacén del consumidor; duplicados, caída tras commit, broker caído, reintento y replay probados; no equivale a Notificaciones comercial","","","","2026-09-30","","Ejecutar criterios de salida tras cerrar S06.",""
"S08","ADR-010 parcial;ADR-013","Instrumentar trazas, logs, métricas y alertas mínimas por servicio","Fundacion_servicios","16","2026-11-27","2026-12-04","6","S07","Cristhian Rodriguez Ruiz","Pendiente","Una operación visible entre HTTP, outbox y consumidor; trace/span IDs y service.name; latencia, errores y retraso de cola; datos sensibles filtrados; alerta ensayada","","","","2026-09-30","","Ejecutar criterios de salida tras cerrar S07.",""
"S09","ADR-013;A03;A10","Probar carga, límites, aislamiento, dos réplicas y rollback independiente","Fundacion_servicios","16","2026-12-04","2026-12-15","6","S08","Cristhian Rodriguez Ruiz","Pendiente","Perfil de tráfico y recursos registrados; Catálogo saturado no rompe umbral de login; Identidad caído permite lectura pública; permisos SQL aislados; dos réplicas y rollback sin desplegar Identidad","","","","2026-09-30","","Ejecutar criterios de salida tras cerrar S08.",""
"S10","ACEPTACION;DEC-04","Demostrar incremento, conciliar documentación y reestimar negocio","Fundacion_servicios","12","2026-12-16","2026-12-21","4","S09","Cristhian Rodriguez Ruiz","Pendiente","Arranque limpio, CI y evidencias enlazadas; revisar 02/04/05/06/07 según alcance; pendientes visibles y siguientes servicios estimados; no declarar ventas ni E0 completo","","","","2026-09-30","","Ejecutar criterios de salida tras cerrar S09.",""
